,"論文名稱","研究生","指導教授","校院名稱","系所名稱","學位類別","畢業學年度","論文出版年","引用網址","被引用","點閱","評分","下載","書目收藏"
"1","ESG重要嗎？半導體供應鏈中的ESG與效率：來自AMD與Intel供應商的比較證據","黃燕","盧文民","中國文化大學","國際企業管理學系","博士","114","2026","https://hdl.handle.net/11296/9mz2r4","0","0","0","0","0"
"2","ESG負面事件與媒體報導對ESG績效與盈餘管理間之關聯的調節效果","李亞峮","薛敏正","國立臺北大學","會計學系","碩士","114","2026","https://hdl.handle.net/11296/ft6b79","0","5","0","0","0"
"3","ESG平台滲透策略：客戶洞察、ESG映射、組織設計","陳忻桓","堯里昂","國立臺灣大學","企業管理碩士專班","碩士","114","2025","https://hdl.handle.net/11296/73f2hm","0","11","0","6","0"
"4","ESG與董事之受任人義務—自「強制型」與「非強制型」ESG事項之區分切入","楊萬謙","陳肇鴻","國立臺灣大學","法律學系","碩士","114","2025","https://hdl.handle.net/11296/bz7r68","0","12","0","3","0"
"5","ESG主題ETF與ESG連結薪酬關聯性之探討","莊翊詳","吳淑鈴","國立臺灣大學","會計學系","碩士","114","2025","https://hdl.handle.net/11296/cf8tu4","0","4","0","0","0"
"6","知覺球隊ESG管理對球迷支持與推薦意圖之影響：球迷個人ESG意識之調節效果","李柏漢","吳佳虹","元智大學","經營管理碩士班(國際企業學程)","碩士","114","2026","https://hdl.handle.net/11296/f2nzwg","0","18","0","2","0"
"7","台灣ESG指數型基金之績效與比較： 以ESG與科技類ETF為例","張簡文銀","李國榮","國立中山大學","經濟學研究所","碩士","114","2026","https://hdl.handle.net/11296/zpr9hs","0","50","0","14","0"
"8","人力資本能提升企業市場價值嗎?人力資本、ESG績效(S)、ESG重大性揭露與企業市場價值關係調節型中介模型之探討","劉翠山","張淑卿","銘傳大學","會計學系碩士班","碩士","114","2026","https://hdl.handle.net/11296/p64qh5","0","71","0","8","0"
"9","市場波動、羊群行為與 ETF 績效表現：台灣 ESG 與非 ESG 標的之實證","黃詩恩","李瑞琳","朝陽科技大學","財務金融系","碩士","114","2026","https://hdl.handle.net/11296/z57fqr","0","53","0","11","0"
"10","企業ESG表現與財務績效之關聯: 整體、構面與細項層次之實證分析","許瑞玲","顏子瑜","國立中正大學","財務金融系研究所","碩士","114","2026","","0","0","0","0","0"
"11","ESG 與人力資源對企業韌性的影響","徐翊鳳","顏子瑜","國立中正大學","財務金融系研究所","碩士","114","2026","","0","0","0","0","0"
"12","探討 ESG 評分對以本益比為基礎的股票投資策略績效之 影響","簡柏誠","林岳喬","國立中正大學","會計與資訊科技研究所","碩士","114","2026","https://hdl.handle.net/11296/kev34m","0","0","0","0","0"
"13","組織餘裕對ESG績效的影響： 環境動態性的調節作用","陳沛宜","廖宜慶","明志科技大學","經營管理系碩士班","碩士","114","2026","https://hdl.handle.net/11296/2g944k","0","0","0","0","0"
"14","董事長兼任總經理對公司績效之影響：以ESG表現為調節變數","林冠筑","陳信憲","國立彰化師範大學","財務金融技術學系行政管理碩士在職專班","碩士","114","2026","https://hdl.handle.net/11296/6fd3j4","0","0","0","0","0"
"15","台灣資訊產業與硬體產業ESG對公司財務績效影響之比較-員工流動率與永續報告書揭露之調節變數","賴薇如","蕭榮烈","國立臺北大學","國際財務金融碩士在職專班(IEMBA)","碩士","114","2026","https://hdl.handle.net/11296/8fdeqc","0","3","0","0","0"
"16","ESG 分數、等級變化與三大法人買賣不平衡行為之實證分析","吳方勻","廖美華","亞洲大學","財務金融學系","碩士","114","2026","https://hdl.handle.net/11296/hj27jg","0","0","0","0","0"
"17","台灣企業發行永續發展債券之宣告效果：外資持股比例與國際ESG認證之調節作用","王政雄","蕭榮烈","國立臺北大學","國際財務金融碩士在職專班(IEMBA)","碩士","114","2026","https://hdl.handle.net/11296/5pv7p2","0","1","0","0","0"
"18","不同經營架構及企業生命週期與ESG績效關聯之研究","古士杰","江向才","逢甲大學","會計學系","碩士","114","2026","https://hdl.handle.net/11296/9w9md5","0","0","0","0","0"
"19","ESG績效對代理成本之影響","吳東蓄","陳欣妤","靜宜大學","會計學系","碩士","114","2026","https://hdl.handle.net/11296/bts345","0","0","0","0","0"
"20","汽車業ESG對消費者購買意願之研究 : 以品牌信任為中介變數","陶德姸","涂宏任","靜宜大學","國際企業學系","碩士","114","2026","https://hdl.handle.net/11296/6h83k6","0","0","0","0","0"
"21","台灣半導體業在環境、社會與治理（ESG）個別支柱評級與財務績效之關聯性","謝育芙","黃啟瑞","國立臺北大學","國際財務金融碩士在職專班(IEMBA)","碩士","114","2026","https://hdl.handle.net/11296/pem4m7","0","2","0","0","0"
"22","永續評級分歧對ESG基金成分股調整之影響","吳尹婷","蔡宜均","東吳大學","企業管理學系","碩士","114","2026","https://hdl.handle.net/11296/5evj4r","0","3","0","0","0"
"23","智慧製造驅動的 ESG 卓越模式-H廠之實證研究","洪達修","車振華","國立臺北科技大學","管理學院EMBA華南專班","碩士","114","2026","https://hdl.handle.net/11296/sknra2","0","0","0","0","0"
"24","ESG投入、金融創新與綠色創新對銀行風險與績效管理之影響","戴郁樺","劉定焜","朝陽科技大學","財務金融系","碩士","114","2026","https://hdl.handle.net/11296/n95q8k","0","2","0","0","0"
"25","台灣銀行業ESG評分表現影響因素之探討","周姵君","韓千山","輔仁大學","科技管理學程碩士在職專班","碩士","114","2026","https://hdl.handle.net/11296/u28m42","0","0","0","0","0"
"26","經理人短視對企業ESG表現之影響：基於亞太市場的實證分析","張芝寧","孫梅瑞","銘傳大學","國際企業學系碩士班","碩士","114","2026","https://hdl.handle.net/11296/q6phmt","0","0","0","0","0"
"27","ESG對企業績效的影響：以企業生命週期為調節變數","林明昇","陳玉芬","大葉大學","企業管理學系碩士班","碩士","114","2026","https://hdl.handle.net/11296/7m4gep","0","0","0","0","0"
"28","臺灣上市櫃公司視角下家族與非家族企業 ESG 績效對 Tobin’s Q 的影響探究","林義棠","陳達新","國立臺北大學","企業管理學系","碩士","114","2026","https://hdl.handle.net/11296/6j57xv","0","1","5.0","0","0"
"29","股權偏離程度對ESG績效之影響:公司特徵的調節效果","王映雯","戴怡蕙","銘傳大學","會計學系碩士班","碩士","114","2026","https://hdl.handle.net/11296/47ps69","0","0","0","0","0"
"30","高階經理人性別與ESG評分：超額薪酬之調節效果—以家族企業為例","羅伊妘","戴怡蕙","銘傳大學","會計學系碩士班","碩士","114","2026","https://hdl.handle.net/11296/93e2c9","0","1","0","0","0"
"31","探討ESG投入對企業價值影響：顧客滿意度之中介角色","曾玟華","陳律睿","銘傳大學","國際企業學系碩士班","碩士","114","2026","https://hdl.handle.net/11296/2ne3kf","0","0","0","0","0"
"32","永續治理對ESG績效之影響：以總經理媒體關注度為調節變數","林宛靜","彭智偉","國立彰化師範大學","會計學系","碩士","114","2026","https://hdl.handle.net/11296/2v7srj","0","8","0","0","0"
"33","負面ESG事件對CEO異動與薪酬之影響：盈餘股權偏離下的調節角色","陳苡珊","林逸程","國立彰化師範大學","財務金融技術學系","碩士","114","2026","https://hdl.handle.net/11296/wgqguc","0","4","0","0","0"
"34","ESG 績效是否影響現金持有決策","陳琪方","陳獻儀","靜宜大學","財務金融學系","碩士","114","2026","https://hdl.handle.net/11296/66433d","0","1","0","0","0"
"35","ESG及負債比率對企業信用風險之關聯性研究-以台灣上市電子業為例","楊宜蓁","林逸程","國立彰化師範大學","財務金融技術學系行政管理碩士在職專班","碩士","114","2026","https://hdl.handle.net/11296/qqvc8q","0","4","0","0","0"
"36","員工對企業ESG之主觀知覺、組織認同與心理安全感對離職傾向影響之研究","劉嘉芳","歐陽惠華","健行科技大學","企業管理系碩士在職專班","碩士","114","2026","https://hdl.handle.net/11296/x9v952","0","3","0","0","0"
"37","國際化與公司ESG績效","張伯丞","張元","國立彰化師範大學","財務金融技術學系行政管理碩士在職專班","碩士","114","2026","https://hdl.handle.net/11296/q9yad8","0","1","0","0","0"
"38","女性執行長與公司ESG績效","陳杼町","張 元","國立彰化師範大學","財務金融技術學系行政管理碩士在職專班","碩士","114","2026","https://hdl.handle.net/11296/978t27","0","2","0","0","0"
"39","ESG投入對企業投資效率之影響：以台灣電子業為例","鍾幸涓","林文昌","國立中正大學","財務金融學系碩士在職專班","碩士","114","2026","https://hdl.handle.net/11296/6f6xd9","0","1","0","0","0"
"40","全球供應鏈永續壓力下企業ESG應對策略： 以H公司為例","許世鋒","翁慈青","逢甲大學","商學專業碩士在職學位學程","碩士","114","2026","https://hdl.handle.net/11296/d7btut","0","6","0","0","0"
"41","公司ESG績效對分析師推薦與關注的影響","戴榮懋","張元","國立彰化師範大學","財務金融技術學系行政管理碩士在職專班","碩士","114","2026","https://hdl.handle.net/11296/ufnk77","0","5","0","2","0"
"42","以社會交換理論探討ESG訓練課程滿意度與訓練移轉意願對工作績效認知之影響-工作滿意度的中介效果","張雅惠","陳怡昌","朝陽科技大學","企業管理系","碩士","114","2026","https://hdl.handle.net/11296/sz77sk","0","6","0","0","0"
"43","探討綠色金融與ESG評等:比較台積電與聯電","嚴珞裴","楊德源","國立高雄科技大學","金融系","碩士","114","2026","https://hdl.handle.net/11296/j67rwc","0","23","0","8","0"
"44","臺灣金控公司ESG、金融健全指標與巴塞爾協定風險性之研究","楊珆佳","蔡垂君
張玉青","靜宜大學","會計學系","碩士","114","2026","https://hdl.handle.net/11296/kj6sy4","0","5","0","0","0"
"45","永續長是否僅具象徵意義？學術經歷、永續經歷與 ESG 表現的實證分析","蔡宏毅","陳美惠","國防大學","財務管理學系碩士班","碩士","114","2026","https://hdl.handle.net/11296/p3e799","0","2","0","0","0"
"46","ESG風險管理與企業財務績效：新興市場中企業規模之調節效果","富得運","李政鋼","正修科技大學","工業工程與管理研究所","碩士","114","2026","https://hdl.handle.net/11296/fqfjgk","0","3","0","0","0"
"47","以機器學習方法評估ESG因素對股票報酬預測能力之研究","陳俊彥","邱彥毅","國防大學","財務管理學系碩士班","碩士","114","2026","https://hdl.handle.net/11296/b9jezu","0","6","0","2","0"
"48","ESG表現對企業信用評等之影響：兼論董監持股質押的調節作用","蔡嘉萱","魏若婷
羅芊蒨","靜宜大學","國際企業學系","碩士","114","2026","https://hdl.handle.net/11296/ja4zu3","0","11","0","3","0"
"49","基於區塊鏈技術 ESG 碳盤管理系統與鏈上價值流動之研究：Optimism 與 ZkSync 比較分析效率","唐家萱","陳建興","嶺東科技大學","資訊管理系碩士班","碩士","114","2026","https://hdl.handle.net/11296/z6mk22","0","3","0","1","0"
"50","探討台灣上市櫃觀光餐旅類股企業 ESG 指標、系統性風險與財務績效之關係","毛祚祥","李一民","國立高雄科技大學","觀光管理系","碩士","114","2026","https://hdl.handle.net/11296/cv33dv","0","6","0","2","0"
