設定,變數,係數,穩健SE,t值,p值,顯著性,N
水回收率%｜全樣本｜t-0,dLNREV,0.3207953854001856,0.0761469165995678,4.2128480012808085,2.5217076746609294e-05,***,996
水回收率%｜全樣本｜t-0,DEC_x_dREV,-1.2680895530405318,0.47094015787064425,-2.6926766211108397,0.00708809813938825,***,996
水回收率%｜全樣本｜t-0,WATER_RATE_D_dREV,0.0003680755582069516,0.00165022280983616,0.22304597658754668,0.8234997235605305,,996
水回收率%｜全樣本｜t-0,WATER_RATE,-8.194021823050748e-05,0.00016620346821832478,-0.49301148230475467,0.6220044741726344,,996
水回收率%｜全樣本｜t-1,dLNREV,0.4077260496796437,0.09025339212926155,4.517570365617899,6.255324387816133e-06,***,863
水回收率%｜全樣本｜t-1,DEC_x_dREV,-0.6925415257352788,0.4886998887136313,-1.4171100541033574,0.15645075348616042,,863
水回收率%｜全樣本｜t-1,WATER_RATE_D_dREV_l1,0.0014742079408768902,0.001347702129125217,1.0938677835537645,0.2740129701077526,,863
水回收率%｜全樣本｜t-1,WATER_RATE_l1,-0.00013011180479710434,0.00017404332272540817,-0.7475828590240402,0.45471180694779756,,863
水回收率%｜全樣本｜t-2,dLNREV,0.42260376989541787,0.1252684339263084,3.3735854807925736,0.0007419600549871858,***,731
水回收率%｜全樣本｜t-2,DEC_x_dREV,-0.717353678752936,0.4458554046930167,-1.608937945356641,0.10762991124432722,,731
水回收率%｜全樣本｜t-2,WATER_RATE_D_dREV_l2,0.0013787744134336774,0.0013407896523890334,1.0283301418510817,0.3037945570976607,,731
水回收率%｜全樣本｜t-2,WATER_RATE_l2,-0.00020010786846443265,0.0001707836938521613,-1.1717035974034837,0.24131607822739398,,731
水回收率%｜高耗水｜t-0,dLNREV,0.3192991907646265,0.10547400902688348,3.027278413995269,0.0024676656029552287,***,707
水回收率%｜高耗水｜t-0,DEC_x_dREV,-1.4791291000883007,0.4968454080129037,-2.977040898906498,0.0029104518151709677,***,707
水回收率%｜高耗水｜t-0,WATER_RATE_D_dREV,0.0013792818196279274,0.0018268763238901851,0.7549946329650047,0.4502522025174842,,707
水回收率%｜高耗水｜t-0,WATER_RATE,-3.6039742244934174e-05,0.00018310304693708397,-0.19682764895396737,0.8439624135993543,,707
水回收率%｜高耗水｜t-1,dLNREV,0.41475751981439307,0.12470909717903718,3.3258000354132244,0.0008816515449440788,***,619
水回收率%｜高耗水｜t-1,DEC_x_dREV,-0.9405219732242319,0.5452012540075939,-1.7250913608704426,0.08451100920009123,*,619
水回收率%｜高耗水｜t-1,WATER_RATE_D_dREV_l1,0.0026860779689776974,0.0021211737283784705,1.26631681933524,0.20539967767389988,,619
水回收率%｜高耗水｜t-1,WATER_RATE_l1,-0.00012345402576551432,0.00021585768238919977,-0.5719232431251713,0.567373976620657,,619
水回收率%｜高耗水｜t-2,dLNREV,0.4120705608979901,0.15494055300712037,2.6595397583165536,0.007824749419490504,***,527
水回收率%｜高耗水｜t-2,DEC_x_dREV,-1.1517672651089206,0.44658589067363563,-2.5790498292984148,0.00990724945028865,***,527
水回收率%｜高耗水｜t-2,WATER_RATE_D_dREV_l2,0.0012952124548879522,0.001318413252884288,0.9824024842396119,0.3259016029525318,,527
水回收率%｜高耗水｜t-2,WATER_RATE_l2,-0.0002510362156207325,0.0002234696180358069,-1.1233572502035087,0.26128579823800735,,527
水回收率%｜低耗水｜t-0,dLNREV,0.26834699212891383,0.09147777214216447,2.9334666317832827,0.00335199683158753,***,289
水回收率%｜低耗水｜t-0,DEC_x_dREV,-0.5441856460806711,0.8227393223146754,-0.6614314295197075,0.5083356755934233,,289
水回收率%｜低耗水｜t-0,WATER_RATE_D_dREV,-0.003102830849336348,0.0026909076561555624,-1.1530796466532378,0.24887769486066713,,289
水回收率%｜低耗水｜t-0,WATER_RATE,-0.00030954812292922906,0.00036584257643756414,-0.8461238326700269,0.3974836667426913,,289
水回收率%｜低耗水｜t-1,dLNREV,0.37353395269887535,0.08930719527416559,4.182573997001669,2.8822716132731667e-05,***,244
水回收率%｜低耗水｜t-1,DEC_x_dREV,-0.8746316015294475,0.8839406407617832,-0.9894687054729001,0.3224338738284025,,244
水回收率%｜低耗水｜t-1,WATER_RATE_D_dREV_l1,0.0015248860184224424,0.001083598069802712,1.4072432029157034,0.15935528479930994,,244
水回收率%｜低耗水｜t-1,WATER_RATE_l1,-5.084044613816799e-07,0.00031468609654020145,-0.001615592385463813,0.9987109443398569,,244
水回收率%｜低耗水｜t-2,dLNREV,0.5292960949621561,0.08681929900970456,6.096525784007909,1.0839847228080114e-09,***,204
水回收率%｜低耗水｜t-2,DEC_x_dREV,-0.28272565678617345,0.8567080676896971,-0.33001400062521385,0.7413893832517763,,204
水回收率%｜低耗水｜t-2,WATER_RATE_D_dREV_l2,-0.0010522400012278404,0.002936369455385683,-0.3583472778937594,0.7200834414005113,,204
水回收率%｜低耗水｜t-2,WATER_RATE_l2,-8.491754220299745e-05,0.00030104529456883336,-0.2820756335840394,0.7778855164842555,,204
水揭露｜全樣本｜t-0,dLNREV,0.3447501186759253,0.013282437213671852,25.95533584160803,1.582834076709594e-148,***,16661
水揭露｜全樣本｜t-0,DEC_x_dREV,-0.147322820427386,0.13495046602013192,-1.0916807090196219,0.27497346725296423,,16661
水揭露｜全樣本｜t-0,WATER_DISC_D_dREV,0.0354050513030003,0.03963909654663933,0.8931851224546136,0.37175804396607437,,16661
水揭露｜全樣本｜t-0,WATER_DISC,0.005206448347800165,0.004058493257126046,1.2828525312093346,0.1995437459721302,,16661
水揭露｜全樣本｜t-1,dLNREV,0.34465239420608224,0.01327156544759223,25.969234418281093,1.102791165081328e-148,***,16661
水揭露｜全樣本｜t-1,DEC_x_dREV,-0.1636372911908966,0.1378464766740188,-1.1870981046390343,0.23518892588725526,,16661
水揭露｜全樣本｜t-1,WATER_DISC_D_dREV_l1,0.006223064765283577,0.03507180858166315,0.1774378059458624,0.8591645135751702,,16661
水揭露｜全樣本｜t-1,WATER_DISC_l1,0.0027091929179875645,0.0036976476867423454,0.7326801111152867,0.4637535572618512,,16661
水揭露｜全樣本｜t-2,dLNREV,0.34461102988989945,0.013278849954380103,25.95187317228685,1.731899415421477e-148,***,16661
水揭露｜全樣本｜t-2,DEC_x_dREV,-0.15880856733970078,0.1378513744925766,-1.1520274493037628,0.24930979388816177,,16661
水揭露｜全樣本｜t-2,WATER_DISC_D_dREV_l2,0.010320331687629773,0.03691591656631422,0.27956319787132355,0.7798126454619198,,16661
水揭露｜全樣本｜t-2,WATER_DISC_l2,0.0020447691331552356,0.003906571133716511,0.5234178677836969,0.6006834927417801,,16661
水揭露｜高耗水｜t-0,dLNREV,0.37123563449753616,0.03167687146441746,11.719453889710797,1.0132304632164057e-31,***,7252
水揭露｜高耗水｜t-0,DEC_x_dREV,-0.06341070878863148,0.2751466824884624,-0.2304614695519378,0.8177332005335975,,7252
水揭露｜高耗水｜t-0,WATER_DISC_D_dREV,0.057178349514246024,0.0568766379147849,1.0053046665647354,0.3147501687391566,,7252
水揭露｜高耗水｜t-0,WATER_DISC,0.006015596880926469,0.004979628751458815,1.2080412378461265,0.22703140063469618,,7252
水揭露｜高耗水｜t-1,dLNREV,0.37119593915503335,0.031637186544191495,11.73289978350442,8.644552170480915e-32,***,7252
水揭露｜高耗水｜t-1,DEC_x_dREV,-0.1013028057294236,0.2821422808671521,-0.3590486523964923,0.7195586932157354,,7252
水揭露｜高耗水｜t-1,WATER_DISC_D_dREV_l1,0.024807463245364855,0.052269968729185566,0.4746026035311804,0.6350702502063252,,7252
水揭露｜高耗水｜t-1,WATER_DISC_l1,0.004233648909265168,0.004527509358457984,0.9350944579178294,0.3497396224376792,,7252
水揭露｜高耗水｜t-2,dLNREV,0.3711443868003421,0.03165830655494585,11.72344408745261,9.666074341673604e-32,***,7252
水揭露｜高耗水｜t-2,DEC_x_dREV,-0.1003629755019601,0.2761196347059228,-0.36347641705686823,0.7162490265041348,,7252
水揭露｜高耗水｜t-2,WATER_DISC_D_dREV_l2,0.024077710685988296,0.05041542510498432,0.47758618787502505,0.632944763527697,,7252
水揭露｜高耗水｜t-2,WATER_DISC_l2,0.0035460716611693723,0.004772445772379137,0.7430302679796823,0.45746335548561656,,7252
水揭露｜低耗水｜t-0,dLNREV,0.3346484927639594,0.014453195037360566,23.15394567767991,1.3266109157027221e-118,***,9409
水揭露｜低耗水｜t-0,DEC_x_dREV,-0.19656645749399612,0.14959099195794112,-1.3140260313887255,0.188837444223091,,9409
水揭露｜低耗水｜t-0,WATER_DISC_D_dREV,-0.01699333831046782,0.057287169505665744,-0.2966342805396794,0.7667457361086301,,9409
水揭露｜低耗水｜t-0,WATER_DISC,0.004002422042027764,0.007546256869208708,0.5303850785094536,0.5958449694607459,,9409
水揭露｜低耗水｜t-1,dLNREV,0.33451043434318345,0.014434764291670923,23.17394503879783,8.34020917176077e-119,***,9409
水揭露｜低耗水｜t-1,DEC_x_dREV,-0.20681280834173527,0.15216051295389557,-1.359175283566501,0.17409105144901882,,9409
水揭露｜低耗水｜t-1,WATER_DISC_D_dREV_l1,-0.037219335097686004,0.04955315113866418,-0.751099258925743,0.4525929217057816,,9409
水揭露｜低耗水｜t-1,WATER_DISC_l1,0.0019766201658026296,0.00682254732835243,0.2897187913359571,0.7720313791945304,,9409
水揭露｜低耗水｜t-2,dLNREV,0.3345096611773151,0.014443080318296879,23.16054842910133,1.1381929661123052e-118,***,9409
水揭露｜低耗水｜t-2,DEC_x_dREV,-0.2011272887432078,0.15498352018582023,-1.2977333880535342,0.19437896636012808,,9409
水揭露｜低耗水｜t-2,WATER_DISC_D_dREV_l2,-0.026052072226886807,0.05957433427017662,-0.4373036232136073,0.6618911680603158,,9409
水揭露｜低耗水｜t-2,WATER_DISC_l2,0.0018986324313060362,0.007343971829573633,0.25852937284704486,0.7959983829604237,,9409
廢棄物密集度｜全樣本｜t-0,dLNREV,0.3500447380554192,0.022413849863237554,15.617341072206914,5.5471093601825296e-55,***,3273
廢棄物密集度｜全樣本｜t-0,DEC_x_dREV,-0.6393607612587425,0.20163173778179236,-3.170933149178451,0.0015195010746194648,***,3273
廢棄物密集度｜全樣本｜t-0,WasteInt_D_dREV,0.008629992952265547,0.013978143447239551,0.6173919293960191,0.5369762440147154,,3273
廢棄物密集度｜全樣本｜t-0,WASTE_INTENSITY,-0.0008112630035312622,0.00291874901317192,-0.2779488746275003,0.7810516049540556,,3273
廢棄物密集度｜全樣本｜t-1,dLNREV,0.3138592480163232,0.03316584312168403,9.463327884196621,2.982952526785234e-21,***,1653
廢棄物密集度｜全樣本｜t-1,DEC_x_dREV,-0.41666489538698454,0.5068454611825267,-0.8220748281238607,0.41103431072919117,,1653
廢棄物密集度｜全樣本｜t-1,WasteInt_D_dREV_l1,-0.0012997330177014176,0.017689447758200895,-0.07347504769326993,0.9414280994506021,,1653
廢棄物密集度｜全樣本｜t-1,WasteInt_l1,-0.002286143123823624,0.003032553185771638,-0.7538674456065348,0.4509288201209636,,1653
廢棄物密集度｜高耗水｜t-0,dLNREV,0.28054139652319265,0.05860727730027056,4.786801391333317,1.694603806489482e-06,***,1389
廢棄物密集度｜高耗水｜t-0,DEC_x_dREV,-0.7829456316794139,0.304983668545968,-2.5671723191348725,0.010253164552606804,**,1389
廢棄物密集度｜高耗水｜t-0,WasteInt_D_dREV,-0.011181173446957791,0.010380254948238259,-1.077157883184311,0.2814097373575152,,1389
廢棄物密集度｜高耗水｜t-0,WASTE_INTENSITY,-0.0030190002132731335,0.0024663367817990317,-1.2240827106632899,0.22092102751650855,,1389
廢棄物密集度｜高耗水｜t-1,dLNREV,0.28531730009920986,0.070212082054685,4.063649613423928,4.831133128759864e-05,***,699
廢棄物密集度｜高耗水｜t-1,DEC_x_dREV,-2.0335110201514626,0.5774219501708553,-3.521707166743073,0.0004287774961724447,***,699
廢棄物密集度｜高耗水｜t-1,WasteInt_D_dREV_l1,-0.05026630985434355,0.028529926544200376,-1.7618801007590323,0.07808955739017841,*,699
廢棄物密集度｜高耗水｜t-1,WasteInt_l1,-0.0061606870080702465,0.0038136968824722065,-1.6154107675376175,0.10622176999833831,,699
廢棄物密集度｜低耗水｜t-0,dLNREV,0.36042915372512185,0.023717772388137173,15.19658540552469,3.72540077256162e-52,***,1884
廢棄物密集度｜低耗水｜t-0,DEC_x_dREV,-0.5706654259776358,0.2595287602337349,-2.1988523563388016,0.02788842226967557,**,1884
廢棄物密集度｜低耗水｜t-0,WasteInt_D_dREV,0.035210279097123244,0.021371819063240656,1.6475096945624352,0.09945332521312605,*,1884
廢棄物密集度｜低耗水｜t-0,WASTE_INTENSITY,0.002224812987310123,0.004815150233645571,0.46204435570138125,0.6440495124541751,,1884
廢棄物密集度｜低耗水｜t-1,dLNREV,0.32444614361213037,0.03734991020157356,8.686664622782985,3.732359279807612e-18,***,954
廢棄物密集度｜低耗水｜t-1,DEC_x_dREV,0.4766307263643246,0.5986112128058679,0.7962275282653248,0.425899799886565,,954
廢棄物密集度｜低耗水｜t-1,WasteInt_D_dREV_l1,0.03225141438175284,0.020509648641560973,1.5724996047176656,0.11583473076461087,,954
廢棄物密集度｜低耗水｜t-1,WasteInt_l1,0.004153915375816176,0.005113563115856263,0.8123328649128457,0.4166006573144726,,954
廢棄物揭露｜全樣本｜t-0,dLNREV,0.34347652663823275,0.01387855569798235,24.74872271386042,3.200023947822542e-135,***,13875
廢棄物揭露｜全樣本｜t-0,DEC_x_dREV,-0.1685378595194446,0.1470066858257368,-1.1464639079016519,0.2516032527418226,,13875
廢棄物揭露｜全樣本｜t-0,WasteDisc_D_dREV,0.004251726670633531,0.010149283823031895,0.4189188857823678,0.6752754142140276,,13875
廢棄物揭露｜全樣本｜t-0,WASTE_DISC,0.0017842812603159413,0.001173545473201434,1.5204193625735005,0.12840561113487045,,13875
廢棄物揭露｜全樣本｜t-1,dLNREV,0.3432348189833318,0.013969477655689533,24.570340240569987,2.62223385087996e-133,***,12437
廢棄物揭露｜全樣本｜t-1,DEC_x_dREV,-0.15691046838126496,0.14456321460516242,-1.0854107582611934,0.2777397696237477,,12437
廢棄物揭露｜全樣本｜t-1,WasteDisc_D_dREV_l1,-0.0015967215078594177,0.012939012927014224,-0.12340365659004511,0.9017874616670148,,12437
廢棄物揭露｜全樣本｜t-1,WasteDisc_l1,0.0003932953099411306,0.001365746373726565,0.2879709714095656,0.7733689593173814,,12437
廢棄物揭露｜全樣本｜t-2,dLNREV,0.3433395794608712,0.014742040269293325,23.289827811420672,5.621104590463246e-120,***,10907
廢棄物揭露｜全樣本｜t-2,DEC_x_dREV,-0.1927371688515004,0.1460223537743324,-1.3199155051928733,0.186863230186467,,10907
廢棄物揭露｜全樣本｜t-2,WasteDisc_D_dREV_l2,0.0038656274147487336,0.015318404134874411,0.25235183643889586,0.8007691245499133,,10907
廢棄物揭露｜全樣本｜t-2,WasteDisc_l2,-0.0010680660534725316,0.0017168787943864288,-0.6220975277723275,0.5338777404974739,,10907
廢棄物揭露｜高耗水｜t-0,dLNREV,0.3750643195127113,0.031361644730912276,11.959331939725123,5.802686760725751e-33,***,5994
廢棄物揭露｜高耗水｜t-0,DEC_x_dREV,-0.1763828200011003,0.2800733335271055,-0.6297737016938457,0.5288426540620175,,5994
廢棄物揭露｜高耗水｜t-0,WasteDisc_D_dREV,0.00532892186487353,0.014542627374270811,0.36643460137757466,0.7140408043328492,,5994
廢棄物揭露｜高耗水｜t-0,WASTE_DISC,0.0033287890383004674,0.0016391401701584634,2.0308141420136496,0.042273851895364346,**,5994
廢棄物揭露｜高耗水｜t-1,dLNREV,0.3599943261151219,0.029956333314299297,12.017302729879926,2.8822702503027623e-33,***,5354
廢棄物揭露｜高耗水｜t-1,DEC_x_dREV,-0.0987487735189892,0.26393045555129696,-0.3741469445529623,0.7082949940901866,,5354
廢棄物揭露｜高耗水｜t-1,WasteDisc_D_dREV_l1,0.0022647320210479596,0.01623644413524646,0.1394844833131674,0.889067316597936,,5354
廢棄物揭露｜高耗水｜t-1,WasteDisc_l1,0.0003532658056722631,0.0018745171812727802,0.18845695798445486,0.8505184534662673,,5354
廢棄物揭露｜高耗水｜t-2,dLNREV,0.3444081664272148,0.03269212845444669,10.534895790193476,5.96493064755226e-26,***,4682
廢棄物揭露｜高耗水｜t-2,DEC_x_dREV,-0.22715744256317952,0.2665625471300815,-0.8521731391331865,0.3941180027133472,,4682
廢棄物揭露｜高耗水｜t-2,WasteDisc_D_dREV_l2,-0.004099312501784204,0.020621305785215243,-0.19879015152974785,0.8424269001868172,,4682
廢棄物揭露｜高耗水｜t-2,WasteDisc_l2,-0.002043553991387347,0.002498393618581335,-0.8179471706094654,0.41338735389250647,,4682
廢棄物揭露｜低耗水｜t-0,dLNREV,0.3305563144947965,0.015410604087516749,21.449925818453885,4.57380918908525e-102,***,7881
廢棄物揭露｜低耗水｜t-0,DEC_x_dREV,-0.1578495571039236,0.1630286212555085,-0.9682321784254806,0.3329284276595895,,7881
廢棄物揭露｜低耗水｜t-0,WasteDisc_D_dREV,0.0031785912775291587,0.015330920219620991,0.2073320604369918,0.835750537479091,,7881
廢棄物揭露｜低耗水｜t-0,WASTE_DISC,0.0007756216474653795,0.001766323828872715,0.4391163357403091,0.6605772429816741,,7881
廢棄物揭露｜低耗水｜t-1,dLNREV,0.33427701775767416,0.015819834648650926,21.13024726122409,4.193456605130863e-99,***,7083
廢棄物揭露｜低耗水｜t-1,DEC_x_dREV,-0.18868903822933203,0.15744876423461263,-1.1984154918368786,0.2307553043787156,,7083
廢棄物揭露｜低耗水｜t-1,WasteDisc_D_dREV_l1,-0.010787712642141735,0.022283756532150072,-0.4841065565663345,0.628310248361783,,7083
廢棄物揭露｜低耗水｜t-1,WasteDisc_l1,0.001673731919785893,0.0020211448632789053,0.8281108149123938,0.4076077452797382,,7083
廢棄物揭露｜低耗水｜t-2,dLNREV,0.3397097226242078,0.016561788586051642,20.51165674885572,1.694240886969791e-93,***,6225
廢棄物揭露｜低耗水｜t-2,DEC_x_dREV,-0.18407293111047104,0.16178618005774278,-1.1377543560567036,0.2552230691603219,,6225
廢棄物揭露｜低耗水｜t-2,WasteDisc_D_dREV_l2,0.0031365267292297497,0.025092924135963993,0.12499646164132693,0.9005263515718192,,6225
廢棄物揭露｜低耗水｜t-2,WasteDisc_l2,0.0018540365398382029,0.0022386723163693024,0.8281857627314992,0.40756530550613257,,6225
廢棄物裁罰金額｜全樣本｜t-0,dLNREV,0.3935460564972975,0.025152684213639698,15.646284633267369,3.521897472539267e-55,***,4097
廢棄物裁罰金額｜全樣本｜t-0,DEC_x_dREV,-0.022300789756942326,0.261434656095187,-0.08530158200916838,0.9320216338575622,,4097
廢棄物裁罰金額｜全樣本｜t-0,WasteFine_D_dREV,-0.0013407020542565416,0.0010685018875078202,-1.2547493550840632,0.20956976280273776,,4097
廢棄物裁罰金額｜全樣本｜t-0,WASTE_FINE,-0.0003304593498603578,0.0002651584120533427,-1.246271416778127,0.21266476779464516,,4097
廢棄物裁罰金額｜全樣本｜t-1,dLNREV,0.39739554266753674,0.023170677959773855,17.150794782847836,6.199869351283857e-66,***,4054
廢棄物裁罰金額｜全樣本｜t-1,DEC_x_dREV,-0.2513499482047451,0.26247652106997077,-0.9576092641739199,0.3382598258965911,,4054
廢棄物裁罰金額｜全樣本｜t-1,WasteFine_D_dREV_l1,-0.0003372105739924289,0.0017022907797556084,-0.19809222842694418,0.8429729051707084,,4054
廢棄物裁罰金額｜全樣本｜t-1,WasteFine_l1,-0.0002819405233206025,0.000318983706961685,-0.8838712359514589,0.3767657262129541,,4054
廢棄物裁罰金額｜全樣本｜t-2,dLNREV,0.37546893464262876,0.024406203808305275,15.384159601046152,2.090734325833953e-53,***,4002
廢棄物裁罰金額｜全樣本｜t-2,DEC_x_dREV,-0.12149229117359554,0.27342091945060487,-0.4443416086000832,0.6567956229118277,,4002
廢棄物裁罰金額｜全樣本｜t-2,WasteFine_D_dREV_l2,-0.0009184306630179744,0.001759517854746576,-0.521978598023523,0.6016852319897782,,4002
廢棄物裁罰金額｜全樣本｜t-2,WasteFine_l2,-0.0003631919553557637,0.0003197596965013781,-1.1358278086000073,0.2560286362652199,,4002
廢棄物裁罰金額｜高耗水｜t-0,dLNREV,0.44367744415219845,0.05288507067161802,8.389464900352456,4.8835985607960214e-17,***,2093
廢棄物裁罰金額｜高耗水｜t-0,DEC_x_dREV,-0.038216709455523065,0.29174921431991535,-0.1309916448090819,0.8957819169293769,,2093
廢棄物裁罰金額｜高耗水｜t-0,WasteFine_D_dREV,-0.0006983893898139865,0.0013423496902481838,-0.5202738115765222,0.6028727461132977,,2093
廢棄物裁罰金額｜高耗水｜t-0,WASTE_FINE,-0.00019622090665139718,0.00031681699736771536,-0.6193509448094804,0.5356851900154782,,2093
廢棄物裁罰金額｜高耗水｜t-1,dLNREV,0.44420773332373714,0.052423530332228054,8.473441801966064,2.3824689368502286e-17,***,2096
廢棄物裁罰金額｜高耗水｜t-1,DEC_x_dREV,-0.07668692784681484,0.33152031830112805,-0.23131893767415554,0.8170670354731233,,2096
廢棄物裁罰金額｜高耗水｜t-1,WasteFine_D_dREV_l1,-0.000981662311393593,0.0017500568678600588,-0.5609316642344051,0.5748441232092035,,2096
廢棄物裁罰金額｜高耗水｜t-1,WasteFine_l1,-5.866585481817475e-06,0.00036395495599037653,-0.01611898776279501,0.9871394654385083,,2096
廢棄物裁罰金額｜高耗水｜t-2,dLNREV,0.44531729394889613,0.05640715886947318,7.894694625186947,2.910269212914909e-15,***,2087
廢棄物裁罰金額｜高耗水｜t-2,DEC_x_dREV,-0.17886344806802804,0.3539909667714261,-0.5052768710437776,0.6133643853911148,,2087
廢棄物裁罰金額｜高耗水｜t-2,WasteFine_D_dREV_l2,-0.00126474005882537,0.002203006442783152,-0.5740973036953855,0.5659019578414226,,2087
廢棄物裁罰金額｜高耗水｜t-2,WasteFine_l2,-0.000823906886542526,0.0005680481263927188,-1.4504173999738181,0.1469421578093663,,2087
廢棄物裁罰金額｜低耗水｜t-0,dLNREV,0.37794863215888086,0.028862309099530737,13.094885473491994,3.522051788505408e-39,***,2004
廢棄物裁罰金額｜低耗水｜t-0,DEC_x_dREV,-0.008076887597848914,0.3561860732776961,-0.02267603425233268,0.9819086928157648,,2004
廢棄物裁罰金額｜低耗水｜t-0,WasteFine_D_dREV,-0.0021269531517226514,0.002382787937548775,-0.8926321634440929,0.37205418908451826,,2004
廢棄物裁罰金額｜低耗水｜t-0,WASTE_FINE,-0.0005284616641714138,0.00040292324270818533,-1.3115690736018146,0.18966557353337277,,2004
廢棄物裁罰金額｜低耗水｜t-1,dLNREV,0.38870883116016747,0.02626474627874457,14.799641581717475,1.4726524238353656e-49,***,1958
廢棄物裁罰金額｜低耗水｜t-1,DEC_x_dREV,-0.40536154400155866,0.37940099333954147,-1.0684250993480768,0.28532880012591044,,1958
廢棄物裁罰金額｜低耗水｜t-1,WasteFine_D_dREV_l1,-0.003140587797031961,0.006002625750918036,-0.5232023330042928,0.6008334580818553,,1958
廢棄物裁罰金額｜低耗水｜t-1,WasteFine_l1,-0.0008091247526677596,0.0005706241654535054,-1.4179644004818919,0.15620115851474878,,1958
廢棄物裁罰金額｜低耗水｜t-2,dLNREV,0.34972107657199425,0.027621579983044875,12.661153952332404,9.706202613636798e-37,***,1915
廢棄物裁罰金額｜低耗水｜t-2,DEC_x_dREV,0.005716415985523869,0.3585199275196393,0.015944486057084598,0.9872786797638068,,1915
廢棄物裁罰金額｜低耗水｜t-2,WasteFine_D_dREV_l2,-0.004322380500878592,0.004743152552332217,-0.9112885266052152,0.36214337009965547,,1915
廢棄物裁罰金額｜低耗水｜t-2,WasteFine_l2,-5.6379746716734354e-05,0.00033448136963760066,-0.1685587056098817,0.8661437638522339,,1915
用水密集度｜全樣本｜t-0,dLNREV,0.3687652933723485,0.019069587550783192,19.33787463364425,2.57887077604941e-83,***,8484
用水密集度｜全樣本｜t-0,DEC_x_dREV,-0.06270764832020156,0.1410404026695091,-0.4446076949109424,0.6566032856275067,,8484
用水密集度｜全樣本｜t-0,WaterInt_D_dREV,-0.030502838579036153,0.023578872067834426,-1.2936513032210386,0.19578589300039007,,8484
用水密集度｜全樣本｜t-0,WATER_INTENSITY,-0.012891827031195714,0.00345477887733039,-3.73159252413793,0.00019027309971370452,***,8484
用水密集度｜全樣本｜t-1,dLNREV,0.3836490570122899,0.021969457726696923,17.462836897703028,2.749257665306127e-68,***,7176
用水密集度｜全樣本｜t-1,DEC_x_dREV,-0.19637241711441544,0.14568710655414566,-1.3479052591481884,0.1776888563596286,,7176
用水密集度｜全樣本｜t-1,WaterInt_D_dREV_l1,-0.019019973595597706,0.03021582944595301,-0.6294705108002642,0.5290410687582106,,7176
用水密集度｜全樣本｜t-1,WaterInt_l1,-0.010681085170024529,0.004386301943650748,-2.4351002979823573,0.014887662416976219,**,7176
用水密集度｜全樣本｜t-2,dLNREV,0.3982628842674927,0.023348904426640293,17.05702661633616,3.099345300497701e-65,***,5874
用水密集度｜全樣本｜t-2,DEC_x_dREV,-0.3568642849240817,0.15689351779359137,-2.274563601751675,0.02293212166929278,**,5874
用水密集度｜全樣本｜t-2,WaterInt_D_dREV_l2,-0.016374487389918386,0.023555359481875197,-0.6951491189305697,0.48696185511345524,,5874
用水密集度｜全樣本｜t-2,WaterInt_l2,-0.022107617260315248,0.005970265310077858,-3.7029539077597446,0.00021310361114086214,***,5874
用水密集度｜高耗水｜t-0,dLNREV,0.411558760353046,0.0360101883069701,11.428953296347663,2.9969956905751295e-30,***,4099
用水密集度｜高耗水｜t-0,DEC_x_dREV,-0.19277648020307875,0.222534781624125,-0.866275729106878,0.38633897287554664,,4099
用水密集度｜高耗水｜t-0,WaterInt_D_dREV,-0.09142055619764707,0.04326707919889891,-2.112935698233441,0.03460627190356878,**,4099
用水密集度｜高耗水｜t-0,WATER_INTENSITY,-0.014784839272789316,0.0043146264280123124,-3.426678883900612,0.0006110111618854417,***,4099
用水密集度｜高耗水｜t-1,dLNREV,0.44356482924146534,0.03588016637940319,12.362396109068527,4.1752293706130386e-35,***,3540
用水密集度｜高耗水｜t-1,DEC_x_dREV,-0.21349513205714613,0.23854597876960174,-0.8949852483715485,0.37079497371808057,,3540
用水密集度｜高耗水｜t-1,WaterInt_D_dREV_l1,-0.06177185074957536,0.044181704515534555,-1.3981319061118616,0.16207346022774172,,3540
用水密集度｜高耗水｜t-1,WaterInt_l1,-0.011449549951243245,0.005248908726455529,-2.1813200701195794,0.029159750960550717,**,3540
用水密集度｜高耗水｜t-2,dLNREV,0.44760067379949636,0.042503199553996514,10.530987749071919,6.21785643700195e-26,***,2964
用水密集度｜高耗水｜t-2,DEC_x_dREV,-0.27846818500232223,0.276490141138723,-1.007154120777879,0.3138607165926941,,2964
用水密集度｜高耗水｜t-2,WaterInt_D_dREV_l2,-0.04002755938036965,0.047725622463731306,-0.8387016724776772,0.40163673958393764,,2964
用水密集度｜高耗水｜t-2,WaterInt_l2,-0.02289376572624473,0.0075101991595209975,-3.0483566733674876,0.0023009664553807537,***,2964
用水密集度｜低耗水｜t-0,dLNREV,0.3463610303314416,0.022232277820248857,15.579196748611187,1.008135918961204e-54,***,4385
用水密集度｜低耗水｜t-0,DEC_x_dREV,-0.041073903518840646,0.18741466030436252,-0.21916056861366331,0.8265249704708589,,4385
用水密集度｜低耗水｜t-0,WaterInt_D_dREV,-0.003388199461925113,0.019232704718497563,-0.17616864146343506,0.8601614559477597,,4385
用水密集度｜低耗水｜t-0,WATER_INTENSITY,-0.014683711790482938,0.007132775622812356,-2.058625220667372,0.03953015479304654,**,4385
用水密集度｜低耗水｜t-1,dLNREV,0.3528259520251127,0.026371936919211695,13.378841042505394,8.039109922265308e-41,***,3636
用水密集度｜低耗水｜t-1,DEC_x_dREV,-0.2502543293920031,0.18748914839942157,-1.3347670066689319,0.1819526150639581,,3636
用水密集度｜低耗水｜t-1,WaterInt_D_dREV_l1,0.016579965503600906,0.03547903198257114,0.4673173019981412,0.6402728794290984,,3636
用水密集度｜低耗水｜t-1,WaterInt_l1,-0.01569286278904293,0.008893842034299125,-1.7644638535880628,0.07765391585885695,*,3636
用水密集度｜低耗水｜t-2,dLNREV,0.37027984592500135,0.027588578326515203,13.421490645247486,4.525184514704451e-41,***,2910
用水密集度｜低耗水｜t-2,DEC_x_dREV,-0.4459004513286118,0.1916659794893488,-2.326445478308743,0.01999479786497727,**,2910
用水密集度｜低耗水｜t-2,WaterInt_D_dREV_l2,-0.011255335133213086,0.01862163195944085,-0.6044225961359323,0.5455627165456421,,2910
用水密集度｜低耗水｜t-2,WaterInt_l2,-0.026852744639644013,0.013312306517784304,-2.0171368953810247,0.04368122927024732,**,2910
